{
    "Test_accuracy_score": 0.8875562218890555,
    "Test_precision_score": 0.9642857142857143,
    "Test_recall_score": 0.26732673267326734,
    "Test_f1_score": 0.4186046511627908,
    "AUC_score": 0.8873893573102893
}
